Age,Gender,AnnualIncome,NumberOfPurchases,ProductCategory,TimeSpentOnWebsite,LoyaltyProgram,LoyaltyProgram,DiscountsAvailed,PurchaseStatus
40,1,66120.26794,8,0,31,0,0,5,1
20,1,23579.77358,4,2,38,0,0,5,0
27,1,127821.3064,11,2,32,1,1,0,1
24,1,137798.6231,19,3,46,0,0,4,1
31,1,99300.96422,19,1,20,0,0,0,1
66,1,37758.11747,14,4,18,0,0,2,0
39,1,126883.3853,16,3,42,1,1,4,1
64,1,39707.35972,13,2,17,1,1,0,0
43,0,102797.3013,20,1,6,0,0,3,0
20,1,63854.92108,16,0,39,0,0,5,1
66,1,66199.99393,11,1,1,1,1,5,1
70,1,83556.71813,11,2,42,0,0,4,1
54,0,114467.229,9,2,18,1,1,5,1
64,1,31880.89322,17,0,23,1,1,1,0
19,1,107485.6609,7,1,28,1,1,4,1
70,1,67049.59881,2,4,22,0,0,0,0
51,1,129174.2089,13,4,22,0,0,0,1
18,1,128374.4951,0,2,17,0,0,4,0
57,0,71740.68808,12,2,41,0,0,2,0
20,0,121499.0062,12,3,21,1,1,0,1
59,0,92768.23887,3,2,1,0,0,5,0
19,0,116945.3918,17,3,6,0,0,5,1
46,1,133256.5827,7,2,42,0,0,2,0
22,1,56597.75579,16,4,15,1,1,1,1
31,0,78117.22069,13,0,30,0,0,1,1
62,0,108227.0944,18,3,10,0,0,2,0
67,1,102252.5442,14,1,44,0,0,5,1
66,0,97875.79633,17,1,55,0,0,2,1
67,1,23792.06927,15,4,29,1,1,5,0
48,1,138727.3032,9,0,14,0,0,2,0
52,1,42589.00711,1,1,4,1,1,5,0
63,0,80023.0987,11,2,45,0,0,0,0
36,0,144947.6131,12,1,26,0,0,4,1
37,0,101842.5006,16,3,17,0,0,1,0
25,0,139395.4362,1,0,2,0,0,2,0
40,1,107419.8647,15,2,29,0,0,5,1
53,1,93069.46327,12,3,44,1,1,0,1
30,0,52154.24106,15,1,19,0,0,2,0
66,0,124009.2259,7,4,52,0,0,0,0
43,0,48046.28829,5,2,30,1,1,0,0
43,1,43303.22955,13,3,3,0,0,5,0
68,0,64874.9871,9,1,42,0,0,4,1
59,0,123832.8449,7,2,49,0,0,1,0
45,1,99978.52697,15,2,41,1,1,0,1
50,1,57327.93455,20,1,31,1,1,3,1
61,1,114517.379,12,1,31,0,0,0,0
62,0,67931.93221,11,4,58,0,0,5,1
53,1,67808.71561,17,0,32,0,0,5,1
18,1,129969.7872,14,1,16,0,0,4,1
47,1,104216.268,13,1,57,1,1,4,1
52,0,40534.12697,1,1,54,0,0,2,0
25,0,29263.37461,2,3,13,0,0,4,0
18,1,38570.53735,5,3,24,0,0,5,0
40,0,33711.58099,16,4,12,1,1,4,0
22,0,32401.90605,10,0,43,0,0,3,1
35,0,80147.82866,12,2,41,0,0,0,1
32,1,90421.62561,15,3,59,0,0,0,1
42,1,108080.4948,9,1,21,0,0,3,0
47,1,75279.66411,8,2,52,0,0,4,1
31,0,95411.54851,12,0,58,1,1,2,1
33,1,26258.56868,19,3,13,0,0,5,0
23,0,118155.4507,16,2,1,0,0,2,0
52,1,116034.0096,0,4,21,1,1,3,1
66,1,118928.7988,16,1,41,0,0,2,0
55,0,56724.48858,15,0,55,0,0,4,1
59,1,77136.51952,6,3,55,0,0,3,1
62,1,62288.36742,8,0,12,0,0,0,0
40,1,124336.1383,10,2,6,0,0,0,0
57,1,56722.23672,1,3,8,1,1,1,0
45,1,101410.4618,19,4,25,1,1,2,0
33,1,53837.29148,16,4,19,1,1,4,1
70,0,119425.2741,4,3,45,0,0,5,0
43,0,86607.29108,14,4,40,0,0,2,0
42,1,25069.48163,15,1,2,0,0,1,0
43,1,66806.56057,20,4,56,1,1,0,1
65,0,36226.70582,12,4,31,1,1,1,0
68,1,118640.913,13,2,11,0,0,5,0
40,1,118450.3269,9,3,43,1,1,5,1
64,1,118052.2738,11,3,56,0,0,3,1
24,1,22837.04158,17,2,19,0,0,4,0
22,1,86465.81009,20,2,54,0,0,3,1
40,0,98472.83607,20,0,53,0,0,2,0
25,0,44363.55273,4,3,7,1,1,1,0
68,0,41751.76952,19,3,15,0,0,3,0
68,0,55711.49596,15,3,22,0,0,5,0
43,0,33234.47878,20,1,51,0,0,4,0
23,1,39149.39576,2,1,26,0,0,4,0
26,1,107636.9384,1,2,14,0,0,0,0
35,1,70116.54762,4,4,40,1,1,2,1
70,0,85814.58773,19,0,13,1,1,0,0
31,1,67812.17841,6,3,49,0,0,1,1
43,0,118837.677,3,1,8,1,1,0,0
43,1,69986.47259,19,2,55,1,1,4,1
27,1,103956.9102,2,0,33,0,0,1,0
36,1,144485.532,19,2,31,0,0,4,0
31,1,115923.0374,2,1,36,0,0,1,0
58,1,111633.2313,8,1,44,0,0,5,1
47,1,49291.20089,13,4,1,0,0,4,0
29,0,64518.23725,6,3,54,0,0,1,1
44,0,114377.3883,16,0,6,1,1,5,1
54,1,90906.14302,3,1,52,1,1,0,0
24,0,98084.63865,19,0,5,0,0,0,0
54,0,28320.82506,3,1,47,1,1,4,1
55,0,29911.09834,15,2,34,0,0,5,0
29,0,149326.5082,20,4,4,0,0,3,1
23,0,142681.2071,12,2,26,0,0,2,0
25,1,65146.01507,6,1,38,0,0,4,1
54,1,113399.0132,11,0,30,0,0,1,0
18,1,26716.93382,6,3,29,0,0,0,0
34,1,145241.2764,10,2,29,0,0,2,0
62,1,93492.93309,0,0,26,0,0,3,0
70,1,59135.99012,5,3,19,0,0,0,1
58,1,90382.98896,5,3,41,0,0,2,0
36,0,29825.8698,5,0,43,0,0,4,1
23,1,20017.51009,5,3,24,0,0,5,0
52,0,22722.84493,18,2,50,0,0,3,0
33,0,96410.01691,14,1,21,0,0,0,0
47,0,43065.74003,7,0,17,1,1,2,0
40,1,36167.89187,20,0,50,0,0,2,0
52,0,69898.28375,12,1,43,0,0,4,1
57,1,112561.8226,8,0,18,1,1,0,0
64,1,132261.1779,13,3,35,0,0,1,0
43,0,45897.98574,1,4,25,0,0,2,0
41,0,70461.5418,11,2,41,1,1,1,1
65,1,26529.38149,18,3,7,0,0,4,0
68,1,30007.33072,19,3,10,1,1,5,0
19,1,24590.47614,1,3,15,0,0,5,0
38,0,115929.2611,20,3,44,0,0,5,1
53,1,30017.57629,14,3,35,0,0,4,0
64,0,112523.9647,9,4,16,1,1,4,1
70,1,86224.87666,13,0,56,0,0,2,0
21,1,36652.44703,16,4,44,1,1,2,1
58,1,143569.0368,20,1,53,0,0,4,1
56,0,95610.89809,5,4,36,0,0,1,0
32,0,88939.27732,18,1,32,1,1,1,1
18,1,34941.28962,4,1,51,0,0,1,0
22,0,37476.56682,2,1,13,0,0,3,0
64,0,130545.2401,18,2,41,0,0,3,1
68,0,21910.14053,10,1,28,1,1,1,0
39,0,126226.6585,19,2,21,0,0,3,1
44,1,121888.7795,18,2,23,0,0,2,0
70,1,86446.7881,2,1,27,1,1,2,0
50,0,136101.7267,13,1,55,0,0,2,0
43,1,114767.538,12,2,50,0,0,2,0
25,0,72231.24409,0,2,17,1,1,3,1
60,0,54492.39788,14,2,18,0,0,4,0
65,1,55499.2053,20,4,13,0,0,5,0
31,0,51356.18949,13,4,33,0,0,1,1
52,1,149123.152,8,3,47,0,0,2,0
38,1,56530.58486,9,3,44,1,1,5,1
57,1,79069.05349,8,4,43,0,0,2,0
55,1,37596.0307,18,1,42,1,1,4,1
40,1,31322.05968,20,1,9,0,0,2,0
65,0,57988.36996,5,0,49,0,0,3,0
46,0,84195.82526,12,1,13,0,0,3,0
43,0,101042.7746,14,4,2,0,0,5,0
28,0,114836.0697,20,1,4,0,0,2,0
49,1,135205.4515,20,3,6,0,0,0,0
32,1,58387.76423,15,1,36,1,1,5,1
69,1,120245.9661,13,4,34,0,0,2,0
40,0,136232.2593,0,4,5,0,0,3,0
34,1,102069.9819,16,4,41,1,1,5,1
26,1,107903.0831,7,2,21,0,0,1,0
68,0,102507.2655,6,0,52,0,0,1,0
64,0,72985.94711,1,1,50,0,0,4,0
44,1,85798.44217,9,0,21,0,0,3,0
18,0,29053.34926,17,1,36,0,0,3,1
47,0,73287.63566,9,0,58,0,0,3,1
53,0,55997.58336,17,2,13,1,1,1,0
50,1,76422.5176,12,4,16,1,1,4,1
51,0,85052.14894,12,4,30,0,0,4,1
33,0,79662.26716,4,4,37,1,1,2,0
53,1,21575.7007,10,4,60,0,0,1,0
52,0,79310.74616,3,2,11,0,0,0,0
27,0,145689.915,18,4,23,0,0,3,1
40,0,30850.33105,7,3,36,1,1,4,1
39,0,98812.88191,3,2,46,1,1,5,1
20,0,76422.72645,13,4,42,1,1,1,0
69,1,41411.82595,16,3,38,1,1,5,1
57,0,86801.08035,7,0,24,0,0,5,0
52,1,34798.99115,5,1,7,1,1,1,0
31,0,122381.3812,1,2,43,0,0,4,1
56,1,48679.55385,17,1,10,0,0,3,0
45,0,103533.4759,5,3,28,0,0,4,0
53,0,99329.26943,3,2,55,1,1,0,0
38,1,30549.39321,0,0,54,0,0,2,1
21,1,82574.73971,9,0,25,0,0,0,0
37,0,122519.9454,5,3,21,0,0,5,0
66,0,41090.34275,3,1,16,0,0,5,0
54,0,97162.9216,11,2,32,1,1,1,1
36,0,123789.4443,2,1,54,0,0,5,1
21,0,73640.83931,3,3,31,0,0,3,1
47,1,58647.80274,6,0,48,0,0,5,0
24,0,94343.39526,2,3,40,1,1,2,1
32,0,134714.1279,7,1,17,0,0,2,0
22,0,147050.028,2,0,29,0,0,2,0
50,0,81923.64533,5,0,33,0,0,4,0
27,0,120479.7926,19,2,16,0,0,1,0
43,1,147283.6419,12,0,48,0,0,3,1
22,0,87622.086,2,1,25,0,0,2,0
48,0,35383.70482,10,1,53,0,0,3,0
66,1,141127.9835,0,1,1,0,0,3,0
41,1,108740.2388,8,1,38,0,0,0,0
58,1,122052.1507,17,4,21,0,0,2,0
39,1,106829.5998,9,0,44,0,0,1,1
68,0,63219.30043,20,2,56,1,1,4,1
63,0,73773.54774,7,3,5,1,1,3,1
27,0,56955.63208,3,1,50,0,0,0,0
66,0,60536.0973,16,2,56,1,1,0,1
42,0,42778.83037,17,3,60,0,0,3,0
44,1,126873.4109,7,4,23,0,0,4,0
70,0,115856.4201,9,2,19,0,0,3,0
39,1,84715.62604,9,0,57,0,0,4,1
49,0,118377.6957,19,4,8,1,1,5,1
38,1,101457.0264,14,4,58,0,0,3,1
61,0,109107.7048,13,2,4,1,1,4,1
23,0,97095.76344,13,4,25,1,1,3,1
43,0,63450.98143,13,3,3,0,0,1,0
36,0,44193.18432,17,3,11,0,0,0,0
69,1,125530.0725,14,1,26,1,1,4,1
29,0,145204.9645,4,4,47,0,0,4,1
54,1,142288.3019,15,3,10,1,1,5,1
66,1,124832.4702,11,3,39,0,0,3,1
42,0,109457.5118,1,2,5,0,0,4,0
50,0,37571.61759,13,2,28,0,0,2,0
21,0,76396.26454,18,2,53,1,1,5,1
35,0,20996.32424,0,2,15,0,0,4,0
19,1,28862.40022,19,3,50,0,0,4,1
45,1,135727.9503,14,2,41,1,1,0,1
40,1,116574.5942,10,2,6,0,0,4,1
18,1,61002.89645,0,2,47,0,0,1,0
27,0,106996.0342,1,4,59,0,0,5,1
23,1,23035.77252,17,0,53,0,0,2,0
64,1,62207.8705,2,0,42,0,0,0,0
42,0,76224.72418,9,4,24,0,0,4,0
38,1,30519.5068,4,4,60,0,0,3,0
45,1,129459.8119,1,2,41,0,0,3,0
25,1,60735.22929,8,4,22,0,0,5,1
32,1,51451.11844,4,4,33,0,0,4,1
18,1,118931.0301,1,2,33,1,1,0,1
48,1,146863.5881,6,0,18,0,0,2,0
20,1,59303.32242,18,1,7,0,0,4,1
39,1,140524.3818,13,2,53,0,0,5,1
57,1,79069.05349,8,4,43,0,0,2,0
28,0,53070.90551,0,1,19,1,1,2,0
70,0,126922.4733,12,2,41,1,1,4,1
43,0,89293.75274,10,4,57,1,1,4,1
70,0,123568.5816,5,3,31,1,1,0,0
18,1,24995.42537,15,3,30,1,1,2,1
59,1,86588.84971,6,1,4,0,0,2,0
38,0,144269.4478,17,1,34,0,0,4,1
68,0,134789.1972,3,0,5,0,0,3,1
65,0,65922.68311,15,3,35,1,1,0,1
50,0,113878.6206,15,0,33,0,0,5,1
22,0,29992.06979,1,1,26,1,1,4,0
48,1,130295.2993,19,3,58,1,1,2,1
52,0,46909.0352,7,0,30,0,0,3,0
65,0,100913.7734,17,1,57,1,1,4,1
53,0,55985.86001,15,3,53,0,0,5,1
51,1,30094.41351,15,1,40,0,0,1,0
51,1,78415.46647,9,1,48,0,0,4,1
28,0,55151.12723,17,1,34,1,1,0,1
37,1,104411.9022,3,4,6,0,0,5,1
61,0,81997.01384,1,3,37,0,0,4,0
33,0,33082.87221,15,2,8,1,1,1,0
61,1,28540.33166,3,4,40,1,1,0,0
57,0,135943.3788,9,4,13,0,0,3,0
18,0,86356.22357,11,1,35,1,1,0,1
25,0,111342.3905,18,1,45,0,0,2,1
43,1,147555.0288,17,4,53,0,0,5,1
68,0,136365.3063,6,2,3,0,0,0,0
43,0,101042.7746,14,4,2,0,0,5,0
30,0,130105.951,16,2,27,0,0,1,0
50,0,41425.92604,6,0,30,1,1,2,0
56,1,115264.2008,6,1,57,0,0,3,1
24,1,142778.3158,19,4,46,1,1,4,1
67,0,110024.0675,8,3,32,0,0,5,1
50,1,109555.0893,20,0,1,1,1,3,1
30,1,64611.75591,12,1,41,0,0,2,1
56,1,87768.4862,4,1,22,0,0,3,0
60,0,84072.39598,4,4,23,0,0,2,0
57,1,57765.58574,9,3,30,1,1,3,1
30,0,55902.04252,19,1,25,0,0,4,1
35,1,126987.8947,6,4,45,0,0,3,0
29,1,67976.89283,16,4,57,0,0,3,1
37,1,125816.135,14,4,27,0,0,4,1
22,0,115866.3899,16,4,38,1,1,2,1
27,0,90753.01559,20,2,52,0,0,5,0
43,0,144286.1287,5,4,38,0,0,4,0
29,0,127092.7499,7,4,56,0,0,3,1
49,0,97118.80411,0,4,52,0,0,1,0
34,1,58300.52153,17,3,9,1,1,1,1
29,1,116187.5357,2,1,57,1,1,3,1
40,0,87520.16174,15,0,51,1,1,1,1
25,0,40658.0618,18,3,4,0,0,4,0
51,1,61286.28338,4,0,15,0,0,0,0
32,0,113515.9709,5,0,55,1,1,2,1
48,0,38537.23873,3,4,5,0,0,0,0
36,1,117347.4238,16,2,12,0,0,3,1
65,1,55499.2053,20,4,13,0,0,5,0
38,0,66615.2,14,1,27,0,0,2,0
42,1,27417.11375,19,1,52,0,0,0,0
58,0,85760.85008,18,3,28,1,1,1,0
53,0,29230.99639,19,1,30,0,0,0,0
50,0,41425.92604,6,0,30,1,1,2,0
50,0,90082.29186,11,1,47,0,0,3,1
56,1,48679.55385,17,1,10,0,0,3,0
29,1,38095.57117,14,3,50,1,1,4,1
23,0,126812.7967,15,1,17,0,0,1,0
30,0,35795.17892,18,0,4,0,0,1,0
40,1,36414.4164,8,1,49,0,0,5,0
66,0,143685.8753,14,3,53,0,0,2,0
33,0,79564.29528,3,0,27,0,0,5,0
42,0,46061.68702,5,0,9,1,1,0,0
20,0,44443.2155,9,2,11,1,1,0,0
25,0,40658.0618,18,3,4,0,0,4,0
67,0,80311.07899,18,1,33,0,0,5,1
54,0,120704.9591,15,4,30,1,1,1,1
46,0,38573.87497,9,3,58,0,0,4,0
42,1,35626.93979,19,2,55,1,1,0,0
30,1,131433.3034,1,4,8,0,0,0,0
50,0,74383.40233,13,1,52,0,0,2,0
21,0,85774.52801,9,2,45,0,0,1,1
67,0,73836.86783,0,3,35,0,0,1,0
38,0,132143.2612,14,0,43,0,0,4,1
64,1,74941.79561,2,3,50,1,1,2,0
48,1,66830.40944,0,0,18,0,0,3,0
58,1,133454.9326,5,3,59,0,0,3,0
46,0,50866.35089,19,0,60,1,1,0,1
68,0,104526.142,8,0,42,0,0,0,0
66,1,117249.5133,3,4,7,0,0,2,0
56,1,106914.4441,13,1,58,1,1,0,1
65,1,131818.1601,0,2,14,1,1,1,0
24,0,35990.42837,11,1,3,0,0,2,0
20,0,53787.6473,12,1,37,0,0,3,1
45,1,145322.2629,16,3,34,0,0,0,0
40,0,71551.97866,10,3,33,0,0,3,1
49,0,87170.79008,3,4,11,0,0,0,0
61,1,33701.11835,6,0,28,0,0,2,0
36,0,42558.18695,9,1,14,0,0,2,0
56,1,59513.03216,15,2,11,1,1,3,1
64,1,145821.8045,1,0,16,0,0,1,0
25,0,79992.0704,20,3,19,0,0,1,0
29,0,92161.04341,12,4,4,0,0,5,1
26,1,57555.04206,7,4,45,0,0,2,1
66,1,69452.07137,12,0,40,0,0,1,0
46,0,20001.51252,4,2,8,1,1,4,0
56,1,29250.57707,18,4,4,0,0,2,0
44,1,23308.20879,1,0,7,1,1,1,0
35,1,134345.6411,6,0,3,1,1,4,1
28,1,119388.6133,4,1,39,1,1,5,1
36,0,51446.19767,6,3,3,1,1,2,1
26,1,26806.15262,17,4,21,1,1,2,0
31,1,79500.94867,16,1,43,0,0,2,1
41,0,40809.31254,20,1,48,0,0,1,0
21,0,87334.8686,4,4,33,1,1,4,1
56,0,21317.05392,7,1,24,0,0,4,0
39,1,91438.83967,3,2,57,0,0,1,0
66,1,111592.0756,2,2,27,0,0,5,0
62,0,139460.4494,10,2,21,0,0,0,0
41,1,119377.2946,18,4,34,0,0,3,1
32,0,79756.43315,6,3,24,1,1,3,1
62,0,139162.5807,14,3,40,1,1,4,1
46,1,22494.99599,14,3,57,1,1,1,0
48,1,122216.1659,19,0,8,0,0,2,0
59,0,130046.864,10,4,26,0,0,3,0
45,1,65808.74306,14,1,22,0,0,5,0
53,1,95890.46147,2,3,32,1,1,0,0
43,0,145903.5411,1,2,5,0,0,4,0
41,1,66214.09136,20,4,4,0,0,0,0
38,1,39662.08774,16,1,58,1,1,1,1
54,1,21152.22706,7,3,44,0,0,1,0
49,1,21213.11058,11,0,19,0,0,3,0
34,1,121447.5154,17,2,58,0,0,5,1
64,1,21177.04101,3,3,28,0,0,3,0
60,0,137318.9299,11,2,11,0,0,5,0
35,0,39506.32641,18,1,18,1,1,4,1
63,0,116261.8972,12,4,44,0,0,4,1
41,1,52288.91385,5,1,7,0,0,4,1
37,0,133095.9908,14,4,16,0,0,2,0
53,0,134440.9191,4,2,11,0,0,4,0
37,1,38292.49865,9,4,49,0,0,0,0
54,1,81098.47486,6,0,17,0,0,3,0
66,0,84161.05544,12,1,54,0,0,0,0
37,0,70632.64634,20,0,27,1,1,4,1
59,0,130046.864,10,4,26,0,0,3,0
49,0,55204.82264,11,0,16,1,1,2,0
43,1,144512.6741,18,0,47,1,1,1,1
61,1,124930.2199,13,4,24,0,0,5,0
58,0,104626.5507,1,1,60,0,0,3,0
37,0,65154.63241,10,4,28,0,0,1,0
51,1,96466.2947,3,4,40,1,1,3,1
45,1,79846.57526,3,1,17,0,0,1,0
42,0,91351.62646,6,1,29,0,0,3,0
21,0,46342.24244,0,0,35,0,0,2,0
19,1,105381.4136,14,3,34,0,0,5,1
41,0,45868.97806,6,3,49,0,0,5,0
56,0,99951.68585,13,2,33,1,1,4,1
25,1,28581.27974,12,2,53,1,1,1,1
39,1,32791.43446,18,2,1,0,0,1,0
59,0,65232.38351,11,1,35,0,0,0,0
28,1,35405.34107,11,0,53,0,0,5,1
46,0,32041.3128,16,1,51,0,0,2,0
61,1,64964.0699,15,4,27,0,0,4,0
69,1,127377.1677,12,1,28,0,0,4,0
60,0,28128.41845,18,0,11,0,0,2,1
66,1,23405.57211,2,1,38,1,1,4,0
55,1,102467.2796,4,3,27,1,1,4,0
50,0,32201.44703,16,2,32,1,1,3,1
21,1,115369.8695,10,2,45,1,1,0,1
19,1,120009.6362,9,0,44,0,0,5,1
43,0,57392.25478,10,4,41,0,0,0,0
49,0,53708.57865,20,2,53,0,0,1,0
39,1,32791.43446,18,2,1,0,0,1,0
44,0,86086.8711,16,4,29,0,0,3,0
58,1,95025.93618,18,0,10,0,0,0,0
61,0,134267.257,16,1,8,0,0,1,0
40,1,144549.5524,18,0,38,1,1,4,1
45,1,79846.57526,3,1,17,0,0,1,0
25,1,111148.1473,17,4,51,1,1,1,1
52,0,107622.5895,19,2,48,0,0,1,0
47,1,146984.0427,5,2,15,0,0,5,0
22,1,51251.85868,4,1,46,0,0,0,0
52,1,93329.62375,1,3,53,0,0,2,0
29,0,62263.52201,19,4,4,0,0,2,0
55,1,58921.42649,18,2,13,1,1,0,0
68,1,98250.04603,10,4,41,0,0,5,1
37,0,44092.92334,14,2,44,0,0,3,1
25,0,114048.2163,8,0,25,0,0,3,1
68,1,121482.1233,13,0,5,0,0,0,0
31,1,58407.82107,8,4,53,0,0,3,1
28,0,91035.94109,18,3,20,0,0,4,1
43,0,113869.222,12,0,16,0,0,2,0
64,1,31880.89322,17,0,23,1,1,1,0
27,1,78533.052,17,4,41,0,0,1,1
68,1,104789.1537,11,4,44,0,0,0,0
50,0,92821.86385,20,0,51,0,0,4,1
24,0,113122.0404,16,4,59,0,0,1,1
23,1,38304.38336,17,4,56,0,0,5,1
19,1,68792.88803,14,0,4,0,0,3,1
51,1,34635.45075,19,3,8,1,1,5,0
70,1,44197.66671,4,4,17,1,1,4,0
33,1,58989.4845,16,0,44,1,1,5,1
25,1,94019.05695,0,2,10,1,1,1,0
28,1,90853.49946,8,3,14,1,1,0,1
60,0,139729.2877,11,3,31,0,0,4,1
59,1,126929.5233,19,4,44,1,1,2,1
68,0,136365.3063,6,2,3,0,0,0,0
22,0,37476.56682,2,1,13,0,0,3,0
31,1,139371.0813,6,0,39,1,1,3,1
45,0,67397.18467,5,1,18,0,0,3,0
39,1,75573.65943,12,4,49,1,1,3,1
45,0,147447.9363,14,0,24,0,0,4,1
46,1,133256.5827,7,2,42,0,0,2,0
57,0,68324.12863,15,2,52,0,0,2,0
26,1,29370.96368,10,3,14,0,0,2,0
44,0,86086.8711,16,4,29,0,0,3,0
54,0,90782.70326,19,4,5,0,0,4,0
35,0,55353.4644,4,0,6,0,0,5,0
33,0,21964.38895,9,1,39,1,1,2,0
28,0,37455.73062,1,1,26,0,0,0,0
61,1,114517.379,12,1,31,0,0,0,0
65,0,131483.1039,16,0,41,0,0,0,0
33,0,33082.87221,15,2,8,1,1,1,0
31,1,53740.43181,9,4,2,0,0,0,0
63,1,52182.77014,7,3,2,1,1,0,1
24,0,77225.86973,7,3,54,1,1,1,1
35,0,107883.4174,17,2,23,0,0,5,0
18,1,149785.1765,10,0,39,0,0,5,1
38,1,117653.1462,12,4,31,1,1,4,1
55,0,21290.09675,11,4,55,1,1,4,1
44,1,109312.5046,1,1,45,1,1,1,0
47,0,85081.15485,7,3,18,0,0,0,0
24,1,63426.49554,5,3,46,1,1,3,1
28,0,146829.3261,6,4,2,0,0,3,1
46,0,86625.34434,7,1,59,1,1,3,1
48,0,72923.84359,12,0,57,1,1,1,1
37,1,58130.1194,9,0,54,0,0,3,1
20,1,73223.56934,5,4,2,0,0,1,0
62,0,60458.27436,20,3,43,0,0,1,0
56,1,73059.71981,2,4,11,0,0,0,1
62,1,119959.9617,4,3,30,0,0,5,0
49,0,57370.01644,5,3,1,0,0,4,1
49,0,52068.25239,9,1,28,0,0,3,0
57,0,86801.08035,7,0,24,0,0,5,0
51,1,22848.73274,11,4,50,1,1,3,0
28,1,72663.35029,17,1,59,1,1,0,1
19,0,118721.7741,4,0,14,1,1,4,1
68,0,27561.29342,6,1,7,0,0,0,0
29,0,77242.04439,4,0,39,0,0,5,1
23,0,39343.47602,13,4,37,0,0,4,1
25,0,79539.44867,1,4,4,0,0,2,0
46,1,135971.0096,1,3,20,1,1,1,0
31,0,78472.00435,5,2,37,1,1,4,1
29,0,87350.23961,18,2,45,0,0,3,1
58,0,148935.2937,10,1,54,1,1,2,1
26,0,58681.29867,15,2,53,0,0,1,1
68,1,111501.4219,9,2,38,0,0,2,0
39,1,55715.09832,16,0,56,0,0,3,1
30,1,36984.8047,16,0,48,0,0,1,0
45,0,126073.1021,19,0,31,1,1,1,1
50,1,138026.8432,10,3,48,0,0,4,1
69,1,53488.93864,5,3,47,0,0,0,0
64,0,131245.8437,15,2,44,0,0,0,0
47,0,112813.8422,9,1,45,0,0,3,1
42,0,41574.13639,16,3,32,0,0,5,0
61,0,137229.059,16,3,57,1,1,5,1
55,1,103261.8855,10,3,42,0,0,0,0
25,0,58389.19208,14,4,3,1,1,5,1
42,1,111726.1621,14,0,37,1,1,0,1
45,1,23275.14381,19,4,13,1,1,3,0
25,0,146360.6929,7,3,58,0,0,1,1
55,0,105042.6982,6,4,38,0,0,5,1
64,1,29477.2386,6,1,3,0,0,1,0
44,1,135999.3248,0,3,37,0,0,3,0
49,1,128815.3463,11,1,55,0,0,0,0
49,1,145330.1941,14,1,51,0,0,5,1
21,1,122561.2213,8,1,55,0,0,2,1
68,1,121482.1233,13,0,5,0,0,0,0
48,0,78661.11474,14,1,42,1,1,4,1
45,1,20203.46367,16,0,32,0,0,1,0
36,1,27611.6208,4,4,19,0,0,2,0
30,1,105610.267,15,0,12,0,0,0,0
31,0,112716.8948,6,2,37,0,0,3,1
32,0,80002.47167,9,2,41,0,0,2,1
44,0,99108.54545,11,0,58,0,0,3,1
61,0,120938.168,15,2,9,0,0,4,0
56,0,38271.88579,13,4,42,1,1,2,0
57,0,138251.4865,15,1,29,1,1,0,0
26,0,52560.82684,16,1,29,1,1,4,1
57,0,145451.998,6,3,25,0,0,1,0
67,1,98751.30243,19,2,42,0,0,5,1
66,0,85078.46425,1,0,5,0,0,4,0
36,0,111998.5215,15,1,52,0,0,0,1
18,0,101206.264,14,2,57,1,1,5,1
25,0,59608.28808,15,1,40,0,0,0,1
48,1,110029.2161,16,1,45,1,1,5,1
62,1,62288.36742,8,0,12,0,0,0,0
61,1,75731.26273,8,4,15,1,1,4,1
57,1,63103.41088,3,3,18,0,0,3,0
58,0,62665.05797,7,3,43,0,0,2,0
70,1,67880.23897,2,0,47,0,0,2,0
37,0,51457.02694,0,1,35,1,1,3,1
64,1,133283.8244,13,1,29,0,0,3,0
62,1,101074.3412,16,0,6,1,1,5,0
68,1,137935.354,4,2,41,0,0,3,0
37,0,102019.8327,18,2,27,0,0,5,1
25,1,137252.2256,7,1,31,1,1,5,1
48,1,26647.59959,18,0,2,0,0,4,0
33,1,109256.6888,4,4,49,0,0,5,1
61,0,88515.39031,7,4,38,0,0,5,1
55,1,103261.8855,10,3,42,0,0,0,0
45,0,71689.60921,19,4,24,1,1,3,0
36,1,100720.7138,9,1,22,0,0,5,1
34,1,95035.98528,14,4,8,0,0,3,1
63,1,136218.6623,4,1,14,0,0,0,0
50,1,22340.85223,13,4,26,1,1,0,0
39,1,103502.3184,19,4,47,0,0,5,1
22,0,132393.2692,6,1,44,0,0,5,1
53,1,37228.20746,14,2,53,0,0,2,0
19,1,46608.41418,12,0,32,0,0,3,1
39,1,136812.8786,3,3,13,0,0,5,0
64,1,39707.35972,13,2,17,1,1,0,0
66,1,69946.87269,10,4,31,1,1,4,1
26,1,107903.0831,7,2,21,0,0,1,0
27,0,33549.22437,8,1,30,1,1,1,1
52,1,56684.31971,15,1,54,0,0,4,1
46,1,35672.59413,0,1,25,0,0,0,0
26,1,128438.7976,3,4,7,0,0,1,0
19,0,30199.25612,10,2,56,0,0,0,0
55,1,67779.4749,20,1,36,0,0,1,0
21,1,28796.88705,14,2,60,0,0,5,1
53,1,135718.3479,3,2,44,0,0,1,0
33,1,120972.3724,20,1,50,0,0,4,1
19,1,23144.92931,19,2,27,0,0,5,0
69,0,126312.0929,2,4,35,1,1,5,1
18,1,80939.83551,12,3,55,0,0,4,1
49,1,143685.0187,9,2,58,0,0,0,1
69,1,39168.82847,6,1,49,1,1,0,0
18,1,93461.09062,9,1,25,0,0,5,1
43,1,145381.965,13,2,25,0,0,3,0
25,0,143559.6922,11,4,32,1,1,0,1
57,0,147208.3109,5,3,42,0,0,1,0
59,1,129174.2971,2,4,12,0,0,2,0
26,1,110354.5798,9,0,43,0,0,2,1
57,1,132061.8827,19,1,31,1,1,0,1
18,0,42734.58683,12,0,56,0,0,0,0
38,1,138400.121,7,3,41,1,1,0,1
54,0,81267.33176,6,3,35,0,0,0,0
34,0,84570.40497,16,1,30,1,1,0,1
43,1,43981.91291,15,2,2,0,0,2,0
44,0,105839.3536,8,2,59,1,1,3,1
60,1,95087.13756,16,2,42,1,1,4,1
22,0,87622.086,2,1,25,0,0,2,0
24,0,135300.237,13,1,7,0,0,3,1
27,0,20191.59687,2,0,35,0,0,5,0
28,0,29500.60306,18,4,25,0,0,3,0
27,0,41017.28671,16,4,22,0,0,1,0
69,1,46524.6325,7,4,11,1,1,1,0
20,0,111709.9079,0,4,31,0,0,0,1
54,0,140650.8732,17,3,33,0,0,1,0
52,1,78466.17952,18,2,16,1,1,1,0
49,0,105342.219,19,4,28,0,0,3,0
65,0,129114.004,12,1,58,1,1,0,1
56,1,25612.58565,12,2,27,0,0,3,0
55,0,115749.5797,10,4,8,0,0,4,1
23,1,107940.8318,0,2,59,0,0,0,0
52,1,99401.40924,12,4,44,1,1,0,1
45,0,46322.47282,11,4,46,0,0,2,0
42,0,37093.58559,8,1,46,1,1,4,1
38,1,30519.5068,4,4,60,0,0,3,0
39,0,71367.01799,3,0,36,0,0,5,1
51,1,28885.91604,10,1,48,0,0,5,0
22,0,112695.9866,13,1,41,0,0,5,1
20,0,119588.4209,12,4,53,1,1,2,1
68,0,132488.4487,1,1,1,0,0,5,0
29,1,58153.54702,16,2,60,1,1,3,1
52,1,48869.86319,15,2,14,1,1,0,0
36,1,64278.54166,19,1,19,0,0,0,0
54,0,127471.9568,7,3,43,1,1,1,1
54,0,63075.11092,14,1,53,0,0,4,1
39,1,92857.28203,18,1,17,0,0,5,1
38,0,62927.95843,19,0,9,0,0,5,1
53,0,124637.881,5,4,49,0,0,4,0
36,1,113965.8594,10,0,32,1,1,5,1
46,1,132847.3697,5,4,28,0,0,3,0
70,1,102196.68,16,1,7,1,1,3,1
35,0,115250.8766,13,1,22,1,1,0,1
47,0,47559.22711,17,3,15,0,0,5,0
69,0,32893.15295,15,1,56,0,0,0,0
52,1,78281.4772,6,1,48,1,1,0,1
61,0,78319.38202,0,2,13,0,0,1,0
39,0,57167.8826,3,2,26,1,1,2,0
65,0,95397.89237,19,2,19,1,1,3,1
56,0,36321.52792,14,4,42,0,0,5,0
68,1,41547.47138,10,0,56,1,1,0,0
70,1,109222.5356,20,4,34,1,1,3,1
38,0,135492.4774,19,1,6,0,0,2,0
45,1,101410.4618,19,4,25,1,1,2,0
52,0,27302.89006,20,4,17,0,0,4,1
43,0,56404.85284,1,1,35,1,1,4,1
57,1,31518.05586,5,4,55,0,0,4,0
18,1,37124.74055,19,3,14,1,1,3,1
50,0,87926.32354,19,3,42,0,0,4,1
45,1,143075.3848,1,1,42,0,0,1,0
51,1,134071.1061,6,2,24,0,0,5,1
27,0,55132.19998,12,4,40,0,0,4,1
45,0,145586.1757,13,4,44,0,0,2,0
19,1,100768.0184,11,1,46,0,0,1,1
69,0,26738.65389,14,1,32,1,1,4,1
21,1,120794.9996,10,0,8,0,0,2,0
67,1,38456.35867,18,1,51,0,0,0,0
23,1,75968.814,11,3,31,0,0,1,1
32,0,124770.302,5,4,48,0,0,0,0
44,0,135525.6804,3,0,14,0,0,3,0
65,0,143121.7867,19,2,60,0,0,2,0
64,0,63577.04616,20,4,26,0,0,4,0
19,0,149523.4639,5,3,14,0,0,4,0
51,1,61286.28338,4,0,15,0,0,0,0
26,0,129928.5672,9,1,29,0,0,3,1
48,1,129069.6526,7,3,43,0,0,5,1
66,1,72194.26106,7,0,59,0,0,3,1
51,1,22848.73274,11,4,50,1,1,3,0
31,0,102692.486,0,0,40,0,0,5,1
20,1,22001.33592,7,1,23,0,0,4,1
55,1,95460.78813,20,3,49,0,0,5,1
61,1,79579.0834,5,2,3,1,1,4,0
54,0,50209.962,2,0,5,1,1,1,0
20,1,69051.34702,4,2,6,0,0,2,0
36,1,52616.09594,15,3,18,1,1,5,0
62,1,77920.41304,20,1,24,0,0,4,0
63,0,71874.59129,10,2,44,0,0,1,0
61,1,114703.788,14,0,14,0,0,4,0
69,1,98875.12421,4,0,2,0,0,5,1
22,0,112331.5638,13,1,54,1,1,1,1
68,1,103955.4056,7,0,11,1,1,1,0
64,0,91064.26862,7,0,6,1,1,5,1
27,0,52903.20009,3,0,9,0,0,3,0
20,0,83318.04945,2,4,16,1,1,0,0
38,1,27511.47293,4,0,9,0,0,4,0
47,0,85963.55203,5,0,37,1,1,0,0
50,0,29330.85481,7,2,45,0,0,2,0
59,0,115477.7112,18,2,49,0,0,4,1
70,1,124576.837,3,4,8,0,0,1,0
57,0,138251.4865,15,1,29,1,1,0,0
33,0,92992.99643,11,0,30,0,0,3,1
37,1,112875.1413,1,4,20,0,0,1,0
28,1,20496.58995,9,2,37,0,0,0,0
30,1,55849.78387,5,0,55,0,0,4,1
18,1,87934.95791,6,0,60,1,1,4,1
66,1,99768.53485,3,4,30,1,1,1,0
19,0,124905.5138,13,3,49,0,0,2,1
27,0,146299.2498,8,1,2,1,1,5,1
43,1,25514.89877,20,4,58,1,1,4,1
64,0,98493.40888,5,0,25,0,0,1,0
65,1,141786.9201,11,4,56,0,0,1,0
40,1,56238.78341,2,3,19,0,0,1,0
25,0,75390.83991,20,2,2,1,1,0,1
35,0,132680.1461,13,0,44,1,1,5,1
26,0,82665.33755,11,1,35,0,0,3,1
23,0,85899.65694,13,2,10,0,0,2,0
45,1,147010.9041,2,4,53,0,0,3,0
34,1,111921.242,11,3,4,0,0,3,1
54,1,120311.4984,9,0,51,1,1,2,1
36,1,130992.0398,16,3,50,0,0,1,1
67,1,119033.7649,12,0,42,0,0,2,0
21,1,38492.41793,15,0,30,1,1,2,1
64,0,35098.06483,7,4,12,0,0,5,0
23,1,21434.06438,18,3,52,0,0,2,0
54,1,66425.75071,3,4,40,0,0,0,0
64,1,74941.79561,2,3,50,1,1,2,0
50,0,137836.8689,9,2,54,0,0,1,0
62,0,76169.99478,12,3,11,0,0,4,0
32,1,143039.3467,12,2,36,0,0,2,1
66,0,130794.3037,16,3,24,1,1,4,1
19,0,149570.591,19,2,22,0,0,2,0
64,1,146645.2777,15,1,49,0,0,2,0
54,1,66425.75071,3,4,40,0,0,0,0
21,0,71115.37613,10,1,36,0,0,4,1
52,0,87393.04285,2,4,47,0,0,2,0
65,1,141786.9201,11,4,56,0,0,1,0
40,0,91234.73357,10,1,50,0,0,1,0
29,0,96782.91842,6,0,49,0,0,5,1
62,0,89021.89819,3,3,31,1,1,3,1
25,1,63184.83431,16,0,9,0,0,0,0
25,0,79539.44867,1,4,4,0,0,2,0
47,1,125446.0901,4,0,16,0,0,5,0
31,0,59425.76918,8,3,44,0,0,3,1
50,0,64894.45379,18,4,26,1,1,1,0
32,0,144744.9638,18,1,58,0,0,5,1
66,0,59379.04475,10,0,32,0,0,1,0
41,1,27356.1353,15,4,39,1,1,4,1
56,0,29322.54555,16,4,45,0,0,2,0
46,0,142940.7591,12,4,23,1,1,3,1
40,1,61115.11946,11,1,3,0,0,3,0
49,1,138198.6268,19,0,58,0,0,1,0
21,0,119595.0713,14,0,44,1,1,4,1
64,0,103828.2385,12,4,53,1,1,2,1
58,0,115925.048,16,2,4,0,0,2,0
53,0,55997.58336,17,2,13,1,1,1,0
47,1,41550.69022,12,4,56,0,0,1,0
39,0,59512.52659,0,4,10,0,0,5,0
37,0,105404.1703,1,4,27,0,0,4,0
68,1,145254.9013,15,1,31,1,1,2,1
69,1,76790.59134,4,2,33,0,0,1,0
19,0,113383.0528,16,2,24,0,0,1,0
60,0,105455.9527,2,4,45,1,1,1,0
44,0,49607.46569,5,4,13,0,0,5,0
22,1,106640.1962,10,4,60,0,0,5,1
70,1,44197.66671,4,4,17,1,1,4,0
43,1,131584.418,15,4,28,0,0,2,0
63,1,92623.51154,13,3,55,1,1,1,1
42,0,71281.91621,9,4,6,0,0,0,0
40,1,58549.62557,8,4,22,1,1,0,0
45,1,124468.4596,11,4,3,0,0,3,0
36,1,60218.45332,1,0,15,0,0,4,0
43,1,54787.04797,11,3,45,0,0,3,1
62,0,29221.1881,14,1,39,0,0,5,0
56,0,147878.2603,16,1,58,0,0,2,0
46,0,33178.47668,8,3,51,1,1,2,0
25,0,117289.9655,6,2,48,1,1,5,0
25,0,83421.02571,14,1,27,1,1,5,1
32,1,140405.2289,9,1,21,1,1,2,1
34,0,45300.92654,11,3,38,0,0,1,0
19,1,120604.3552,12,3,11,1,1,1,1
50,0,64894.45379,18,4,26,1,1,1,0
62,0,58974.06858,3,3,29,1,1,3,0
20,0,44443.2155,9,2,11,1,1,0,0
52,0,77639.40187,20,0,44,0,0,1,0
58,1,109475.6507,14,0,2,0,0,1,0
58,0,28497.60048,11,2,28,0,0,0,0
30,1,105378.2883,9,4,5,0,0,5,1
28,0,105716.0099,16,0,26,0,0,4,1
54,1,60542.30153,6,4,43,0,0,4,1
19,1,24590.47614,1,3,15,0,0,5,0
33,0,32750.7355,0,3,54,0,0,5,0
60,0,28149.65081,10,2,32,1,1,4,1
68,0,133531.9791,3,2,11,0,0,1,0
41,1,53632.51348,15,4,10,1,1,3,1
33,1,139349.9518,12,2,55,1,1,0,1
34,1,20418.37427,9,1,54,0,0,0,0
36,1,64278.54166,19,1,19,0,0,0,0
57,0,42634.21359,11,0,11,0,0,3,0
67,0,102703.0574,19,0,11,0,0,3,0
29,0,21574.10178,14,2,45,0,0,4,1
37,0,122360.3135,17,3,10,1,1,5,0
34,1,68252.41505,20,2,47,1,1,1,1
53,0,100904.6244,10,1,19,0,0,4,0
64,0,36992.34898,1,3,44,0,0,2,0
22,0,58834.32457,10,2,45,0,0,2,1
64,1,100546.4341,20,1,45,0,0,2,0
51,1,142554.1615,18,3,46,0,0,1,0
39,0,61452.68638,11,3,50,1,1,1,1
56,1,40079.76714,0,0,9,0,0,5,0
20,0,31607.63819,19,2,38,0,0,0,0
40,1,75588.17338,11,2,2,1,1,1,0
43,0,25706.99254,0,1,5,0,0,3,0
61,0,145556.8809,13,4,17,1,1,3,1
68,0,147528.3592,5,1,32,1,1,4,1
45,1,148444.6756,13,0,42,0,0,1,0
18,0,33697.43989,9,1,15,0,0,3,0
28,1,118670.6867,19,3,56,0,0,5,1
70,1,40803.24174,3,3,51,0,0,5,0
26,1,84856.43639,7,4,48,0,0,1,1
61,0,118307.7698,20,3,30,0,0,4,0
69,0,27519.77843,6,1,39,0,0,5,0
34,0,133648.9282,4,3,1,0,0,2,0
56,1,95714.94557,7,0,31,0,0,2,0
21,1,68691.87531,17,2,33,1,1,4,1
25,1,76266.08029,10,0,19,0,0,0,0
47,0,108350.6433,16,4,44,0,0,4,1
32,1,77122.64866,14,0,8,1,1,1,1
53,1,51290.05254,2,1,14,0,0,3,0
18,0,96386.16324,6,4,39,0,0,4,1
34,0,37397.68719,3,1,11,0,0,5,0
69,1,134136.6617,0,1,27,0,0,4,0
26,0,77709.52909,1,2,27,1,1,1,1
48,0,129003.9384,4,4,54,0,0,2,0
20,0,127256.4233,20,1,31,0,0,3,1
28,0,27494.18569,11,1,46,1,1,0,1
22,1,124870.1576,0,0,4,0,0,0,0
39,1,71019.56421,19,3,29,0,0,1,0
26,1,128438.7976,3,4,7,0,0,1,0
41,0,139958.4348,18,3,33,0,0,3,1
38,0,49299.56484,8,3,49,0,0,0,0
48,1,102674.1119,3,2,25,0,0,0,0
69,0,103425.4716,3,0,41,0,0,5,0
19,0,54950.95687,17,4,28,0,0,2,1
18,0,37122.95372,5,1,51,1,1,5,1
55,1,65884.60545,3,2,38,1,1,3,1
50,0,115876.0867,10,4,54,0,0,4,1
28,1,110430.359,6,1,43,0,0,4,1
64,0,72557.66714,15,3,56,1,1,4,1
63,0,76497.47491,17,0,60,0,0,1,0
44,1,90784.60468,15,0,46,0,0,5,1
23,1,68006.50013,18,0,41,0,0,4,1
63,0,23531.76476,8,0,49,0,0,2,0
39,1,22203.19644,3,0,37,0,0,4,0
68,1,137794.4303,4,0,42,0,0,3,0
22,0,69899.0548,19,1,4,1,1,0,1
20,1,119999.0092,12,0,13,0,0,3,1
26,1,144157.8665,18,0,7,0,0,1,0
18,0,46262.03689,19,0,33,0,0,5,1
58,0,62665.05797,7,3,43,0,0,2,0
27,0,56955.63208,3,1,50,0,0,0,0
50,0,46634.56564,13,1,9,0,0,2,0
64,1,59812.9707,12,0,21,0,0,0,0
37,0,84773.23869,2,4,9,0,0,2,0
42,0,96535.09788,13,1,57,0,0,4,1
53,1,83384.25518,17,1,30,0,0,5,0
39,1,67538.49727,19,1,27,0,0,3,1
18,1,54456.03568,13,4,4,1,1,2,1
62,0,122297.4402,12,0,20,0,0,3,0
26,0,103707.553,17,1,12,1,1,3,1
42,1,100218.6471,7,3,55,1,1,3,1
22,1,114814.8232,16,3,38,0,0,0,1
30,1,71294.88983,2,4,30,0,0,3,0
53,0,137989.4303,16,0,41,0,0,4,1
23,0,88561.95088,17,2,58,1,1,4,1
39,0,115006.7254,9,2,3,1,1,1,1
23,0,22485.09228,10,2,32,0,0,3,1
58,0,21580.38029,7,3,8,0,0,1,0
59,1,52058.47255,19,1,26,1,1,2,0
31,1,124452.7566,5,1,15,1,1,2,0
69,1,53488.93864,5,3,47,0,0,0,0
53,0,139699.6591,6,1,49,0,0,2,0
41,1,114440.023,12,3,7,1,1,3,1
25,1,126914.9086,15,2,57,0,0,2,1
50,0,149406.8771,13,4,13,1,1,4,1
58,1,20175.97134,5,1,32,1,1,1,0
41,1,30478.19679,2,2,36,0,0,3,0
65,1,102495.7143,16,0,2,1,1,0,0
51,0,144345.1818,20,3,16,1,1,3,1
48,1,112211.7077,2,0,45,1,1,0,0
69,0,84247.61814,9,4,48,1,1,2,1
30,1,116446.5225,12,4,49,1,1,2,1
50,1,88040.81848,17,4,2,0,0,5,0
44,1,75891.04006,19,0,12,1,1,5,1
41,0,61179.01802,11,4,40,0,0,5,1
68,0,99988.74326,7,2,46,0,0,5,1
52,1,142725.4722,15,1,12,1,1,5,1
49,1,87244.97734,13,0,24,1,1,3,1
35,1,132525.0289,4,3,60,0,0,3,1
20,0,97867.20606,6,4,8,0,0,3,1
41,1,77725.6874,1,2,52,0,0,3,0
40,1,122134.7104,11,4,38,1,1,0,1
49,1,70898.34076,12,4,26,0,0,4,0
70,1,30423.40183,16,4,1,1,1,5,0
19,1,132592.4324,20,3,26,1,1,5,1
23,0,142301.9877,6,4,49,0,0,5,1
41,1,65461.41987,0,1,50,1,1,0,0
35,0,89983.15262,11,1,39,0,0,2,0
22,1,58552.78859,16,2,24,0,0,2,0
56,0,61794.44116,20,2,53,0,0,2,0
19,0,49954.16608,20,2,7,0,0,2,0
28,1,66413.81472,8,1,14,1,1,0,1
68,0,74443.13148,8,4,8,0,0,4,0
48,1,139273.1596,8,0,6,0,0,5,0
19,1,100078.1085,11,0,55,1,1,0,1
28,0,28430.96728,4,0,15,0,0,3,0
26,0,21484.33785,9,3,20,1,1,5,1
32,1,48084.96373,16,0,49,1,1,2,1
31,0,102732.1781,5,3,34,0,0,3,1
63,0,124000.4526,10,1,2,0,0,3,0
40,0,49200.02954,1,4,6,0,0,2,0
58,1,103739.3988,10,3,20,1,1,4,1
38,1,57705.91916,5,1,51,0,0,4,1
65,0,28964.54213,10,2,18,1,1,0,0
56,1,65346.66942,1,1,43,0,0,3,0
27,0,33327.07533,5,3,22,0,0,5,0
42,1,120508.4436,20,4,27,0,0,3,0
59,1,110170.3475,12,0,26,0,0,2,0
31,1,143693.7923,9,1,5,0,0,4,0
62,0,79728.07989,0,1,31,1,1,2,0
68,1,128657.3706,15,0,36,0,0,3,1
23,0,80098.42293,16,3,19,1,1,5,1
25,1,43949.2291,14,4,52,1,1,4,1
52,0,112018.5626,11,4,48,1,1,3,1
47,1,58647.80274,6,0,48,0,0,5,0
49,0,33246.10311,14,1,3,1,1,1,1
36,0,127701.0089,10,1,53,0,0,1,1
68,1,137935.354,4,2,41,0,0,3,0
26,0,109980.9744,4,0,35,0,0,2,0
61,0,118307.7698,20,3,30,0,0,4,0
35,1,89415.77143,15,2,2,0,0,2,0
24,1,126755.7767,6,1,17,0,0,4,1
67,1,38456.35867,18,1,51,0,0,0,0
34,1,102767.0587,12,3,57,1,1,5,1
30,0,85709.16533,5,3,11,0,0,5,0
36,1,135712.6146,15,3,24,0,0,5,1
64,1,63629.35906,18,1,24,1,1,4,1
27,1,32549.48113,19,1,20,1,1,3,1
34,0,20679.84976,15,3,25,1,1,4,1
20,1,148048.6553,15,4,21,1,1,2,1
28,1,20496.58995,9,2,37,0,0,0,0
69,1,74463.21272,3,1,22,0,0,2,0
42,1,123123.9756,6,0,49,0,0,1,0
50,1,49158.15283,13,3,33,0,0,2,0
69,0,32088.78318,14,1,9,0,0,1,0
59,0,51043.50748,12,1,41,1,1,0,1
65,0,73442.42834,13,1,56,0,0,3,1
29,0,111152.082,10,3,7,1,1,2,1
46,0,94330.40577,6,4,46,1,1,5,1
62,0,97786.47296,9,2,28,0,0,1,0
38,1,94558.76369,19,1,44,0,0,0,1
47,0,78545.62726,7,3,6,1,1,5,1
23,0,51446.12823,1,1,10,1,1,0,0
37,0,122519.9454,5,3,21,0,0,5,0
52,0,25838.46887,9,4,2,1,1,0,0
50,0,100181.869,0,1,25,0,0,3,1
48,0,35383.70482,10,1,53,0,0,3,0
51,1,85676.88056,7,2,8,0,0,5,0
66,1,77089.47616,3,4,51,1,1,2,0
33,1,33246.01045,13,4,40,0,0,1,0
69,0,83842.44482,15,1,28,1,1,5,0
50,0,84002.3124,2,2,44,0,0,2,0
22,0,123245.6531,14,3,2,0,0,4,1
30,0,58066.86477,5,0,21,0,0,2,0
50,0,136032.5696,3,1,37,0,0,1,0
65,1,124661.7414,11,1,14,0,0,3,0
61,1,39763.23091,5,0,19,1,1,3,0
70,0,119425.2741,4,3,45,0,0,5,0
47,1,61817.09866,12,4,9,1,1,4,1
38,1,41703.90154,9,3,58,0,0,4,1
59,0,69454.60098,14,4,58,0,0,0,0
59,0,24682.44638,4,3,45,0,0,2,0
41,1,102836.192,6,2,2,1,1,5,1
24,1,69282.22633,16,4,11,0,0,2,0
45,0,122766.2733,16,1,38,0,0,5,1
50,1,24369.76802,3,3,56,0,0,5,0
43,1,68865.47707,14,2,38,1,1,3,1
60,0,111906.9434,15,4,10,0,0,0,0
51,0,49383.76972,1,0,30,1,1,1,0
64,1,116317.5273,8,3,51,1,1,3,1
31,1,34265.70583,7,1,16,0,0,3,0
55,0,74153.5577,12,1,7,0,0,5,0
64,1,55242.51299,0,2,56,0,0,5,1
32,0,87474.19642,13,4,27,0,0,5,1
45,0,112826.854,3,3,24,0,0,0,0
26,0,75855.38566,2,0,17,1,1,2,0
22,0,121637.1022,2,3,8,0,0,5,0
64,0,22512.59202,3,3,59,0,0,3,0
69,1,74463.21272,3,1,22,0,0,2,0
52,0,80332.37073,4,1,53,1,1,5,1
20,0,83318.04945,2,4,16,1,1,0,0
61,0,44075.42382,18,0,56,0,0,0,0
54,1,105362.0396,11,3,9,0,0,1,0
64,1,84680.18078,2,2,34,0,0,1,0
65,1,67090.60741,12,1,42,0,0,1,0
23,0,107292.2893,10,4,32,0,0,0,1
18,0,47643.76893,15,0,7,1,1,5,1
19,0,137376.3494,12,4,7,0,0,3,1
20,1,122036.607,17,4,38,0,0,3,1
36,0,49670.59725,19,4,36,0,0,2,0
45,1,145322.2629,16,3,34,0,0,0,0
20,1,134117.9102,10,3,32,0,0,4,1
41,1,64051.88441,18,0,16,1,1,0,0
46,1,108414.5451,8,3,18,1,1,0,1
34,1,134420.3759,15,3,20,0,0,3,1
41,0,28476.59686,2,2,14,0,0,5,0
36,0,68244.682,19,2,2,1,1,3,1
24,1,76888.40613,15,2,40,0,0,0,1
51,0,34832.45204,14,2,29,0,0,0,0
22,1,104911.1628,6,0,27,0,0,3,1
55,1,127216.6209,16,1,48,1,1,1,0
53,0,20715.75389,11,1,24,1,1,5,0
24,0,98139.64168,11,2,38,0,0,5,1
69,0,126181.3306,1,2,4,0,0,0,0
62,0,25060.89523,13,3,27,0,0,3,0
18,1,128120.6157,10,3,32,0,0,0,1
50,1,39521.97011,6,0,14,0,0,2,0
32,1,144193.5092,18,0,37,0,0,3,1
60,1,122703.9567,20,4,37,0,0,4,1
45,1,120618.8792,12,1,18,1,1,5,1
26,0,21175.00098,12,1,15,0,0,5,0
47,1,54762.26362,9,3,53,1,1,4,1
57,1,54355.91421,12,2,46,0,0,4,0
27,0,33327.07533,5,3,22,0,0,5,0
49,0,57601.82036,7,3,20,0,0,5,0
55,1,76809.46514,3,4,32,0,0,0,0
54,0,122568.0708,2,1,52,1,1,1,0
52,0,28664.76527,16,3,48,0,0,5,0
57,1,31518.05586,5,4,55,0,0,4,0
49,1,70898.34076,12,4,26,0,0,4,0
58,1,81820.98487,14,2,55,0,0,0,0
41,1,27551.95377,14,4,8,0,0,2,0
57,1,50546.54265,12,3,26,0,0,5,0
48,0,61203.05641,13,1,25,0,0,3,0
29,0,139539.0332,11,0,35,0,0,4,1
54,1,47391.6453,15,1,53,1,1,4,1
18,0,147548.6851,6,0,53,0,0,5,1
60,1,131349.8391,12,1,37,1,1,3,1
54,0,93452.85907,2,2,17,0,0,2,0
21,0,84513.63787,14,0,38,0,0,5,1
56,0,60865.51471,2,0,42,0,0,4,0
66,1,90659.96825,7,2,51,0,0,5,1
35,1,53775.71714,18,0,24,0,0,3,1
64,1,121448.8961,18,3,37,1,1,4,1
54,1,117167.7729,3,2,19,1,1,4,0
27,1,55283.21946,10,2,17,0,0,0,0
24,0,101106.4587,16,1,16,1,1,0,1
64,0,64250.32355,12,0,20,0,0,5,0
66,0,124009.2259,7,4,52,0,0,0,0
18,1,95046.2738,5,0,31,1,1,2,1
47,0,95178.79192,19,0,28,0,0,5,0
20,0,129291.3936,11,2,56,0,0,0,1
31,0,35780.23436,20,1,14,1,1,0,0
44,1,146500.1612,13,0,16,1,1,2,0
63,0,124000.4526,10,1,2,0,0,3,0
60,1,99682.14572,19,3,23,0,0,5,0
36,1,20567.22505,13,3,29,0,0,0,0
42,1,141860.4486,15,4,49,0,0,1,0
55,0,45752.69226,3,2,43,0,0,1,0
19,0,106658.0623,19,4,1,1,1,5,1
22,1,25463.20777,2,3,44,1,1,4,1
61,1,118945.7998,4,0,20,0,0,0,0
47,0,85081.15485,7,3,18,0,0,0,0
65,0,56305.8915,11,2,37,0,0,4,1
23,1,45458.30094,3,3,33,0,0,3,0
41,0,84539.94981,15,0,3,0,0,3,0
45,0,31022.96209,16,2,55,0,0,2,0
39,1,53820.51283,8,3,24,0,0,2,0
29,1,110297.4055,19,1,21,1,1,3,1
21,0,58640.915,17,0,3,1,1,5,1
61,1,47194.1105,3,3,48,1,1,2,0
70,1,67880.23897,2,0,47,0,0,2,0
54,1,96629.01863,10,0,43,0,0,3,1
47,0,47559.22711,17,3,15,0,0,5,0
64,0,38477.82609,17,3,6,1,1,1,0
42,0,74528.23921,19,4,5,1,1,1,0
48,0,61203.05641,13,1,25,0,0,3,0
25,0,45905.14374,20,4,42,0,0,1,0
61,1,33701.11835,6,0,28,0,0,2,0
63,1,130496.7983,1,0,7,1,1,4,0
32,1,88855.76411,9,3,32,0,0,5,1
56,0,24773.77713,7,2,22,0,0,4,0
49,1,98244.60665,14,4,31,1,1,5,1
41,1,112640.7733,5,3,7,1,1,1,0
33,1,92502.14741,8,3,41,1,1,0,1
21,1,123108.5736,11,3,3,0,0,1,0
38,1,129766.4208,14,1,42,0,0,4,1
35,0,106630.1038,8,4,55,1,1,1,1
53,0,143788.8321,0,3,8,0,0,1,0
49,1,74308.92731,13,1,56,1,1,5,1
19,0,120829.5406,20,4,17,0,0,0,0
52,1,144359.9007,9,4,9,0,0,5,0
55,0,25686.0794,15,2,24,0,0,3,0
22,0,69652.15315,2,4,13,0,0,1,0
43,1,119783.7917,10,1,32,0,0,5,1
22,1,117323.8804,18,4,43,1,1,1,1
68,1,117945.6299,13,1,47,0,0,2,0
59,0,138961.7089,13,3,21,1,1,1,0
46,1,31968.70819,16,0,15,1,1,1,1
53,1,147921.7112,10,3,22,0,0,0,0
37,0,48326.03205,14,1,41,1,1,3,1
62,0,122297.4402,12,0,20,0,0,3,0
70,1,34883.39295,18,1,23,0,0,0,0
67,1,136028.0277,20,2,11,1,1,4,1
30,0,51183.63466,17,1,28,1,1,0,1
45,0,71367.90662,9,4,27,0,0,3,0
70,1,52791.33262,1,1,12,1,1,3,0
46,1,71476.16145,18,1,36,1,1,3,1
66,1,40038.85561,4,1,52,0,0,1,0
46,1,118054.4465,6,1,1,0,0,2,0
21,0,59545.83355,10,1,12,0,0,0,0
55,0,70438.27879,14,1,36,1,1,5,1
31,0,96846.93942,15,4,37,0,0,1,1
39,0,141979.6264,3,3,13,0,0,1,0
49,1,138198.6268,19,0,58,0,0,1,0
49,0,34043.34804,9,3,6,0,0,2,0
58,0,134850.4192,12,0,33,0,0,3,1
31,1,47872.84279,5,3,41,1,1,2,1
47,1,145165.3464,2,0,12,0,0,0,0
25,1,96745.19976,5,1,38,0,0,0,0
45,1,46170.57402,9,2,27,0,0,0,0
41,1,112003.7755,18,0,12,1,1,3,1
42,1,68609.73611,12,3,23,1,1,5,1
20,1,123037.3651,10,3,48,0,0,2,1
41,1,64051.88441,18,0,16,1,1,0,0
32,1,43609.81581,12,4,40,1,1,5,1
61,1,83180.06419,8,3,20,1,1,3,1
66,0,69966.15501,7,1,15,0,0,3,0
65,0,124199.8245,14,3,60,0,0,5,1
62,1,86645.11791,6,2,59,1,1,1,1
36,0,27738.21105,1,0,22,0,0,0,0
28,1,91055.02846,20,2,48,1,1,3,1
42,0,74762.24693,15,3,21,0,0,2,0
25,1,141280.2321,0,4,18,0,0,1,0
22,1,69467.30228,20,2,23,1,1,0,1
68,0,52087.103,2,0,59,0,0,3,0
66,1,141127.9835,0,1,1,0,0,3,0
28,0,143620.7173,0,4,26,0,0,3,0
25,0,99811.36602,4,2,13,0,0,4,0
54,0,86646.80437,10,0,13,0,0,2,0
39,0,143600.452,19,1,6,1,1,5,1
43,0,144286.1287,5,4,38,0,0,4,0
56,1,69481.02815,17,0,11,0,0,0,0
65,0,140429.7389,18,2,40,0,0,4,1
24,1,146187.9509,13,4,40,1,1,1,0
18,1,111861.8831,5,2,31,1,1,3,0
56,1,108429.6113,20,2,30,0,0,1,0
62,0,83471.34781,0,4,42,0,0,4,0
68,0,124514.606,5,3,38,0,0,4,0
37,1,111293.6396,18,0,32,0,0,4,1
67,0,40127.71964,16,4,51,0,0,5,1
24,1,82795.16068,13,0,36,1,1,3,1
34,0,21573.40518,0,4,17,1,1,5,0
26,1,98453.39666,7,2,37,0,0,0,1
46,1,34428.631,12,1,12,1,1,1,0
38,1,23355.5479,12,3,52,0,0,5,1
18,1,111861.8831,5,2,31,1,1,3,0
34,1,146881.797,2,3,11,0,0,4,0
66,0,127577.4599,14,4,26,0,0,5,0
47,1,145909.8531,14,2,18,0,0,3,1
33,1,53713.53665,10,3,8,0,0,1,0
30,0,108025.6832,0,0,60,1,1,4,1
65,1,28899.63351,1,0,1,0,0,1,0
62,1,87062.04735,7,0,21,0,0,3,0
40,1,127575.8216,2,0,36,0,0,0,0
28,0,64992.96445,17,1,22,0,0,1,0
30,1,131433.3034,1,4,8,0,0,0,0
43,0,76162.46059,10,1,40,0,0,1,1
19,1,140799.647,17,1,41,0,0,5,1
40,1,72373.52674,9,2,30,1,1,0,1
42,1,35733.25006,10,4,5,1,1,0,0
24,1,46036.66232,11,1,42,0,0,1,0
63,0,79701.18409,7,2,45,0,0,4,1
39,1,55921.4841,17,4,33,1,1,0,0
19,1,52289.86914,4,3,36,1,1,4,0
27,1,149716.7112,16,3,48,0,0,3,1
30,0,147553.1188,7,3,41,0,0,2,1
57,0,131153.9262,20,3,31,1,1,1,1
63,1,144383.976,20,4,52,1,1,0,1
66,0,73432.73978,10,4,48,0,0,4,1
42,0,48710.86179,13,4,53,0,0,0,0
33,1,124648.57,4,4,22,1,1,3,1
51,0,98454.10249,4,0,22,0,0,2,0
28,1,98382.57394,16,4,41,0,0,0,1
27,0,87789.75303,11,3,18,0,0,1,0
70,1,77257.37554,7,3,26,0,0,5,0
30,0,87268.02573,12,3,7,0,0,4,1
60,0,127807.2839,17,0,45,0,0,4,1
39,0,134650.6086,3,3,40,1,1,5,1
18,1,138891.3263,15,2,22,1,1,4,1
23,1,45458.30094,3,3,33,0,0,3,0
37,1,72468.13031,2,2,10,0,0,4,1
66,1,46693.28203,14,3,19,0,0,3,1
56,1,72387.42324,16,2,5,0,0,2,0
22,0,34919.95334,15,0,25,0,0,3,0
65,0,124343.6303,16,2,22,0,0,5,0
26,0,138229.0994,12,4,54,0,0,1,1
53,0,108115.716,11,3,18,1,1,4,1
49,0,21612.52472,3,0,9,0,0,3,0
61,1,90303.18815,7,1,58,0,0,3,1
20,0,143199.4434,14,4,40,0,0,4,1
60,0,56120.86089,12,2,53,0,0,0,0
47,0,142815.7136,3,3,25,1,1,2,1
67,1,97696.87675,11,2,52,0,0,5,1
70,1,59690.38797,2,0,47,0,0,4,0
68,1,60677.96125,0,2,58,1,1,4,1
61,0,71826.19361,11,2,7,0,0,5,0
18,0,59728.54801,14,0,44,1,1,1,1
46,1,133864.8009,14,2,25,1,1,1,0
19,0,145726.46,10,0,38,0,0,0,1
22,1,99634.55088,17,0,14,0,0,5,1
49,0,145634.2602,7,4,7,0,0,4,0
45,1,79870.13465,8,4,29,0,0,4,0
22,1,26497.27373,6,0,17,0,0,2,0
67,1,21081.59249,3,1,48,0,0,4,1
41,1,27551.95377,14,4,8,0,0,2,0
29,1,26264.18161,10,0,14,1,1,1,0
70,0,29828.65528,14,3,45,0,0,3,0
65,1,81396.63454,20,0,45,0,0,2,0
37,0,105301.0389,3,1,53,0,0,2,0
29,1,128078.5569,12,0,42,0,0,4,1
58,0,64879.00856,17,4,57,0,0,4,1
56,1,24884.24175,14,3,34,1,1,1,0
52,1,119368.4461,6,2,54,0,0,4,1
35,1,66515.83093,5,4,16,0,0,0,0
20,1,99727.91904,1,1,49,0,0,1,1
50,0,74383.40233,13,1,52,0,0,2,0
54,1,30322.856,10,1,6,1,1,4,0
46,0,68222.33106,4,1,49,1,1,5,1
35,0,51093.41355,11,3,59,1,1,3,1
64,0,23067.3454,4,0,47,0,0,0,0
44,0,36622.68416,11,0,25,0,0,1,0
23,0,126812.7967,15,1,17,0,0,1,0
34,0,30624.29495,19,3,38,0,0,5,1
45,1,23275.14381,19,4,13,1,1,3,0
54,1,25129.73928,20,2,57,0,0,3,0
26,0,107451.3892,19,1,40,1,1,1,1
28,0,39105.15225,10,1,37,0,0,4,1
21,0,81251.82686,11,4,7,0,0,2,0
36,1,44907.08295,19,0,48,0,0,1,0
69,0,32088.78318,14,1,9,0,0,1,0
31,1,38101.89825,19,4,28,0,0,5,0
41,1,30478.19679,2,2,36,0,0,3,0
54,0,67832.29767,17,3,59,0,0,1,0
69,0,126181.3306,1,2,4,0,0,0,0
51,1,125070.5773,7,1,16,0,0,3,0
27,0,65252.42711,19,2,57,1,1,5,1
41,1,49727.98135,14,2,30,1,1,2,0
57,0,115636.2049,7,4,3,0,0,5,0
43,0,129388.1819,14,0,32,1,1,3,1
55,1,86155.77223,15,4,7,0,0,4,0
32,1,105104.5893,6,1,36,1,1,0,1
37,0,74954.7228,15,3,4,0,0,0,0
64,0,92958.96248,19,3,31,0,0,3,1
69,0,21638.9776,4,2,19,1,1,2,0
21,0,144531.4357,19,0,36,1,1,4,1
40,0,145714.5858,15,4,18,0,0,3,0
68,0,85400.9136,5,4,27,0,0,5,0
46,1,104305.6266,8,4,29,1,1,4,1
50,0,53620.70854,7,4,54,1,1,5,1
34,1,46489.63969,19,4,59,1,1,4,1
22,0,82842.96668,2,3,43,0,0,3,1
56,1,115299.2685,1,1,35,1,1,5,1
60,0,84072.39598,4,4,23,0,0,2,0
50,0,51462.8704,11,0,40,0,0,0,0
66,1,48478.94518,10,1,2,0,0,3,0
70,1,106116.4215,1,0,53,1,1,5,1
46,0,95978.35827,20,3,16,0,0,0,1
41,1,108740.2388,8,1,38,0,0,0,0
50,0,144881.5068,10,4,37,1,1,5,1
23,0,129674.4563,14,3,39,0,0,4,1
49,1,21213.11058,11,0,19,0,0,3,0
58,1,99027.67783,18,0,42,0,0,0,0
53,0,99329.26943,3,2,55,1,1,0,0
67,1,110466.8854,17,0,43,0,0,1,0
33,0,60815.67326,9,3,20,0,0,3,1
45,1,81989.65088,14,0,2,0,0,5,0
40,1,110343.6416,20,2,25,1,1,4,1
62,1,79704.47563,16,4,20,0,0,2,0
50,1,145159.8855,14,1,21,1,1,0,0
52,0,57492.70692,4,1,6,1,1,2,0
34,0,109403.8655,11,3,25,1,1,3,1
68,0,147396.1428,11,4,35,0,0,2,0
59,1,102717.876,9,0,22,0,0,5,0
31,0,128612.4293,12,3,33,0,0,2,1
23,1,82526.47569,5,1,44,0,0,0,0
66,0,92049.44684,14,0,6,0,0,4,0
44,0,68075.72328,9,0,34,1,1,2,1
45,0,78197.5453,20,2,25,1,1,1,0
31,0,76895.97266,10,3,17,0,0,1,0
36,1,74837.66321,18,2,20,0,0,3,1
50,0,49396.29306,14,4,60,1,1,5,1
42,0,25934.33692,10,0,23,1,1,4,0
66,0,43317.40866,3,2,52,0,0,3,0
46,1,123247.3861,16,4,5,0,0,0,0
63,1,52441.00598,1,4,38,0,0,3,0
55,1,78034.53713,4,0,21,1,1,1,0
32,0,60272.4217,18,3,7,1,1,3,1
68,0,111480.9714,15,3,19,1,1,5,1
24,1,149332.6212,8,2,2,0,0,0,0
57,1,117678.7612,10,0,31,0,0,4,1
69,0,32893.15295,15,1,56,0,0,0,0
24,0,141252.3661,8,4,19,1,1,3,1
60,1,76259.69435,4,1,5,0,0,3,0
40,0,91234.73357,10,1,50,0,0,1,0
35,1,104039.6364,1,3,16,1,1,5,1
28,1,79064.905,11,4,52,1,1,1,0
66,1,48478.94518,10,1,2,0,0,3,0
20,0,68326.10834,19,2,14,0,0,2,0
34,0,91825.12576,15,4,22,1,1,1,1
57,1,76759.84467,3,1,11,0,0,2,0
20,0,82785.95337,14,2,5,0,0,4,1
32,1,25453.65905,15,3,29,0,0,1,0
41,1,65461.41987,0,1,50,1,1,0,0
68,0,147396.1428,11,4,35,0,0,2,0
42,0,54021.73889,18,3,1,1,1,2,0
44,0,49607.46569,5,4,13,0,0,5,0
21,1,123108.5736,11,3,3,0,0,1,0
41,0,27063.16453,8,0,5,0,0,0,0
40,0,114116.4972,7,3,31,1,1,5,1
52,0,105978.1794,8,0,55,0,0,4,1
44,0,120702.3915,7,2,41,0,0,3,1
34,1,57148.5822,20,2,54,0,0,4,1
65,1,87154.4417,7,0,7,0,0,3,0
63,1,147568.6218,18,2,51,0,0,4,1
51,0,49533.34241,8,3,55,0,0,5,0
69,1,63486.46754,16,2,57,1,1,3,1
29,1,144164.9769,8,0,9,1,1,2,1
38,0,21860.9861,0,4,21,0,0,4,0
23,1,90490.83671,8,0,15,1,1,1,1
28,0,59880.95794,6,1,52,1,1,3,1
67,0,33135.95543,14,1,31,0,0,4,0
66,0,33767.75457,3,3,54,0,0,0,1
33,1,129552.5473,16,0,17,0,0,5,1
45,0,83010.51733,2,3,13,1,1,0,0
37,1,37352.39641,10,3,35,0,0,5,1
35,0,97769.28823,1,2,38,1,1,2,1
47,0,63974.77578,12,0,51,0,0,5,1
69,1,95685.83706,8,0,58,0,0,4,1
29,1,51136.32209,16,1,36,0,0,0,1
43,1,46739.34409,10,3,37,1,1,1,0
42,1,103574.6483,5,2,32,1,1,3,1
37,1,112875.1413,1,4,20,0,0,1,0
26,0,123071.0745,11,0,16,0,0,5,1
52,1,133580.8172,15,4,44,1,1,2,1
26,1,53107.18087,14,1,49,1,1,3,1
47,1,49291.20089,13,4,1,0,0,4,0
29,1,26264.18161,10,0,14,1,1,1,0
67,1,102433.5241,8,2,34,1,1,5,1
42,1,45381.27838,3,0,51,0,0,3,0
42,0,25934.33692,10,0,23,1,1,4,0
46,1,52107.24388,10,0,36,0,0,5,1
49,0,66513.77449,0,0,46,0,0,2,0
22,0,121637.1022,2,3,8,0,0,5,0
19,1,42729.02154,0,4,36,0,0,3,0
58,1,99027.67783,18,0,42,0,0,0,0
41,0,129313.3053,12,3,41,0,0,1,0
52,0,129451.3637,13,0,24,0,0,5,0
51,0,28119.48717,13,3,27,0,0,1,0
37,0,45600.34158,0,3,32,0,0,0,0
44,0,65435.82837,17,2,18,0,0,1,0
38,0,87431.12927,0,4,44,1,1,2,1
25,0,122206.7348,10,2,52,0,0,5,1
66,0,119516.6769,9,3,42,0,0,5,1
57,1,31518.61282,7,3,5,0,0,1,0
66,1,117622.1738,10,0,11,0,0,4,0
62,0,105931.8531,14,2,48,0,0,3,1
29,1,122498.1546,12,2,18,0,0,5,1
49,0,83391.61526,15,3,37,0,0,0,0
40,1,98921.64523,15,4,31,1,1,1,1
50,1,95764.88856,12,0,53,0,0,5,1
62,0,79728.07989,0,1,31,1,1,2,0
46,1,133864.8009,14,2,25,1,1,1,0
69,0,56721.41543,16,1,57,1,1,2,1
63,0,85623.42778,18,0,12,0,0,1,0
46,0,148031.5924,19,2,33,0,0,4,1
61,1,85342.06154,9,1,29,0,0,3,0
54,1,28273.31821,14,3,39,1,1,4,1
40,0,49200.02954,1,4,6,0,0,2,0
54,1,117167.7729,3,2,19,1,1,4,0
30,1,132019.8175,19,3,19,1,1,4,1
61,1,126478.2568,9,1,37,0,0,4,1
32,0,61031.55469,11,4,18,0,0,3,1
52,1,135258.548,4,1,31,0,0,1,0
55,1,100546.6139,6,4,9,1,1,3,1
30,0,47756.47762,4,0,7,0,0,4,0
56,0,68381.7131,12,4,15,0,0,5,0
38,0,89214.6887,5,2,10,0,0,3,0
46,0,55076.69362,5,4,45,1,1,1,0
64,1,62207.8705,2,0,42,0,0,0,0
50,1,44510.27875,17,1,20,0,0,5,1
68,1,131240.4922,7,3,19,1,1,2,0
52,0,104713.1689,15,4,34,0,0,2,0
68,0,28970.98704,13,1,37,1,1,2,0
51,0,89590.31709,8,1,7,1,1,4,1
53,1,59381.01773,4,4,34,1,1,3,1
21,0,28144.91645,16,2,39,0,0,3,1
27,1,101233.6329,9,0,50,1,1,2,1
41,1,81882.35682,7,2,46,0,0,2,0
56,0,123728.8408,9,1,4,1,1,1,0
45,0,149200.2906,7,3,60,0,0,1,0
19,0,34496.5876,13,1,40,1,1,2,1
64,1,90031.23373,4,4,10,0,0,4,0
45,0,130580.0875,17,1,7,1,1,2,0
47,0,52630.17982,13,0,11,1,1,5,1
66,1,77089.47616,3,4,51,1,1,2,0
49,0,70394.34471,15,3,33,1,1,5,1
70,1,144468.2425,11,4,47,0,0,2,0
40,1,59617.6424,2,0,17,1,1,2,0
57,1,103279.9739,1,1,2,0,0,2,0
45,1,33736.40895,15,4,59,0,0,1,0
38,1,111330.2652,15,4,22,1,1,2,1
49,1,94366.32364,6,3,7,1,1,1,0
50,1,39355.44654,5,4,5,1,1,3,0
47,1,58009.80435,1,4,9,0,0,4,0
53,1,135718.3479,3,2,44,0,0,1,0
21,1,115255.3517,17,4,43,0,0,0,0
62,0,147857.7915,5,0,20,1,1,4,0
27,1,58355.292,11,2,18,1,1,2,1
53,1,90593.19591,16,1,19,1,1,2,0
69,1,96162.4225,17,3,33,0,0,3,1
34,1,145323.7501,2,4,51,0,0,3,1
38,0,38203.13268,1,4,10,1,1,0,0
30,0,22281.80724,12,2,46,1,1,3,1
44,0,131015.0557,17,1,34,1,1,4,1
22,0,69652.15315,2,4,13,0,0,1,0
60,0,105455.9527,2,4,45,1,1,1,0
22,0,141716.4808,17,2,42,1,1,1,1
57,0,55629.30661,8,1,31,1,1,3,1
64,1,74145.57615,15,1,59,1,1,5,1
18,1,54909.38829,18,4,33,0,0,4,1
31,1,82515.71906,1,0,36,1,1,1,1
36,0,87788.37314,14,1,37,0,0,1,1
69,1,74931.29568,20,0,18,0,0,0,0
60,1,87787.93958,7,0,38,1,1,5,1
50,1,24024.25282,11,2,22,0,0,5,0
18,0,67898.35959,2,0,52,0,0,1,0
46,1,59820.75484,18,2,4,0,0,3,0
25,1,136978.3349,10,2,12,0,0,4,1
70,0,131563.0169,5,3,2,0,0,2,0
45,0,72980.59403,3,1,23,0,0,3,0
20,0,73251.75634,19,3,58,1,1,5,1
68,0,28970.98704,13,1,37,1,1,2,0
29,0,77530.91693,10,1,56,0,0,3,0
66,1,56488.81802,13,3,31,0,0,3,1
54,0,121892.932,10,1,49,0,0,3,1
69,0,116017.6696,9,4,1,0,0,2,0
60,0,111906.9434,15,4,10,0,0,0,0
24,1,76365.76304,4,3,23,1,1,3,1
61,0,58943.53813,12,2,38,1,1,1,1
35,0,137813.0955,13,1,43,0,0,5,1
47,0,123287.0208,6,0,37,0,0,0,0
66,0,114751.9875,17,3,10,0,0,4,0
51,0,49383.76972,1,0,30,1,1,1,0
70,0,89340.26174,7,2,38,0,0,3,1
57,1,127579.9264,16,2,41,1,1,3,1
48,1,90290.80196,20,4,44,0,0,5,1
20,0,106292.6592,17,3,4,0,0,4,1
29,1,21521.8594,3,0,34,0,0,2,0
58,1,82930.01906,14,2,13,0,0,4,0
52,0,46177.29168,7,1,38,0,0,4,0
70,0,106972.9039,4,3,42,1,1,2,0
33,0,142424.3425,3,1,24,0,0,0,0
57,1,40445.51706,10,3,56,0,0,2,0
50,0,92885.81227,0,4,5,0,0,2,0
18,0,99007.77589,10,1,16,0,0,3,1
40,1,76472.43147,6,1,54,0,0,4,0
67,1,110466.8854,17,0,43,0,0,1,0
23,1,81595.27769,8,0,32,1,1,1,1
41,1,28095.50376,10,2,25,0,0,0,0
22,1,59164.4839,12,1,30,0,0,3,1
19,0,21019.4068,20,0,13,0,0,4,0
31,1,91982.4931,8,3,15,0,0,3,1
68,0,80311.22327,14,2,19,0,0,3,0
69,1,27975.45152,18,4,4,0,0,0,0
60,0,135733.5469,1,3,46,1,1,3,1
29,0,75955.56334,17,2,3,0,0,4,1
62,0,70250.26589,16,0,39,0,0,5,1
42,1,133175.1953,15,4,6,0,0,5,0
55,0,101221.9022,14,2,39,1,1,5,1
33,1,105058.0318,19,0,37,1,1,0,1
54,1,30682.31677,18,1,28,1,1,2,0
22,1,113951.9045,2,0,19,0,0,1,0
29,0,112824.2438,20,4,53,0,0,4,1
35,1,97367.11774,14,2,40,0,0,1,1
24,0,125414.2155,11,4,19,0,0,4,1
39,0,34204.34734,17,3,27,0,0,5,0
49,0,95780.38738,18,0,22,1,1,2,1
32,1,35979.6882,11,1,44,0,0,4,1
55,0,81936.80822,6,1,57,1,1,4,1
68,0,80311.22327,14,2,19,0,0,3,0
21,1,120794.9996,10,0,8,0,0,2,0
28,1,141304.7331,0,1,17,0,0,1,0
41,0,116615.1158,19,2,32,0,0,1,0
22,0,55799.55265,9,4,54,1,1,1,1
19,0,26090.74811,0,2,54,0,0,4,0
18,1,83126.66096,20,3,2,0,0,1,0
30,0,71611.95536,20,1,39,0,0,5,1
63,0,71874.59129,10,2,44,0,0,1,0
34,1,20418.37427,9,1,54,0,0,0,0
34,1,104649.186,14,1,29,0,0,1,0
39,1,65048.14183,13,0,35,0,0,5,1
67,1,28775.33107,18,2,18,0,0,1,1
40,1,57363.24754,7,4,12,0,0,0,0
63,0,134021.7755,16,2,37,1,1,0,1
50,0,52625.66597,13,0,25,1,1,4,1
